Auction Date,Property Address,Final Judgment,Assessed Value,Plaintiff Max Bid,Case #,Parcel ID,Case Link,Parcel Link
07/17/2026 09:00 AM ET,3801 CLOVER LN,"$373,745.23","$240,300.00","$278,152.72",2025 CA 001761 NC,0090130005,https://sarasota.realforeclose.com//index.cfm?zaction=auction&zmethod=details&AID=2025 CA 001761 NC&bypassPage=1,https://www.sc-pa.com/propertysearch/0090130005
07/23/2026 09:00 AM ET,205 PORTIA ST S,"$107,528.24","$151,700.00",Hidden,2024 CA 005598 NC,0384150005,https://sarasota.realforeclose.com//index.cfm?zaction=auction&zmethod=details&AID=2024 CA 005598 NC&bypassPage=1,https://www.sc-pa.com/propertysearch/0384150005
07/23/2026 09:00 AM ET,DALEWOOD CIR,$0.00,"$3,221.00","$5,521.00",2026 CA 001659 SC,1131210006,https://sarasota.realforeclose.com//index.cfm?zaction=auction&zmethod=details&AID=2026 CA 001659 SC&bypassPage=1,https://www.sc-pa.com/propertysearch/1131210006
07/24/2026 09:00 AM ET,1115 WAGON WHEEL DR,"$549,501.32","$683,430.00","$522,823.04",2025 CA 005674 NC,0212050001,https://sarasota.realforeclose.com//index.cfm?zaction=auction&zmethod=details&AID=2025 CA 005674 NC&bypassPage=1,https://www.sc-pa.com/propertysearch/0212050001
07/24/2026 09:00 AM ET,3440 PINE SHADOW CT,"$28,165.61","$379,202.00","$28,165.61",2025 CC 003687 SC,0991010420,https://sarasota.realforeclose.com//index.cfm?zaction=auction&zmethod=details&AID=2025 CC 003687 SC&bypassPage=1,https://www.sc-pa.com/propertysearch/0991010420
07/27/2026 09:00 AM ET,6738 BRENTFORD RD,"$436,888.72","$299,200.00","$436,888.72",2025 CA 006227 NC,0261010077,https://sarasota.realforeclose.com//index.cfm?zaction=auction&zmethod=details&AID=2025 CA 006227 NC&bypassPage=1,https://www.sc-pa.com/propertysearch/0261010077
07/27/2026 09:00 AM ET,3388 SAVAGE RD,"$758,059.51","$445,500.00","$758,059.51",2025 CA 006269 NC,0101160007,https://sarasota.realforeclose.com//index.cfm?zaction=auction&zmethod=details&AID=2025 CA 006269 NC&bypassPage=1,https://www.sc-pa.com/propertysearch/0101160007
07/28/2026 09:00 AM ET,1217 TWIN LAKES AVE,"$757,787.18","$453,200.00","$757,787.18",2025 CA 001580 NC,0165090027,https://sarasota.realforeclose.com//index.cfm?zaction=auction&zmethod=details&AID=2025 CA 001580 NC&bypassPage=1,https://www.sc-pa.com/propertysearch/0165090027
07/28/2026 09:00 AM ET,12196 ALACHUA LN,"$557,193.22","$383,500.00","$557,193.22",2025 CA 003276 NC,0757030082,https://sarasota.realforeclose.com//index.cfm?zaction=auction&zmethod=details&AID=2025 CA 003276 NC&bypassPage=1,https://www.sc-pa.com/propertysearch/0757030082
07/28/2026 09:00 AM ET,,$0.00,$0.00,$0.00,2025 CA 004679 NC,Property Appraiser,https://sarasota.realforeclose.com//index.cfm?zaction=auction&zmethod=details&AID=2025 CA 004679 NC&bypassPage=1,https://www.sc-pa.com/propertysearch/Property Appraiser
07/28/2026 09:00 AM ET,5127 ISLAND DATE ST,"$396,223.35","$264,600.00","$396,223.35",2025 CA 004714 NC,0063010048,https://sarasota.realforeclose.com//index.cfm?zaction=auction&zmethod=details&AID=2025 CA 004714 NC&bypassPage=1,https://www.sc-pa.com/propertysearch/0063010048
07/28/2026 09:00 AM ET,7000 ELYTON DR,"$313,604.18","$164,300.00","$313,604.18",2025 CA 004868 NC,0995261912,https://sarasota.realforeclose.com//index.cfm?zaction=auction&zmethod=details&AID=2025 CA 004868 NC&bypassPage=1,https://www.sc-pa.com/propertysearch/0995261912
07/28/2026 09:00 AM ET,1588 KEYWAY CT,"$249,369.15","$82,638.00","$249,369.15",2025 CA 005073 NC,0487020008,https://sarasota.realforeclose.com//index.cfm?zaction=auction&zmethod=details&AID=2025 CA 005073 NC&bypassPage=1,https://www.sc-pa.com/propertysearch/0487020008
07/29/2026 09:00 AM ET,1505 RIVAL TER,"$117,551.19","$171,100.00","$117,551.19",2024 CA 002039 NC,0979040532,https://sarasota.realforeclose.com//index.cfm?zaction=auction&zmethod=details&AID=2024 CA 002039 NC&bypassPage=1,https://www.sc-pa.com/propertysearch/0979040532
07/29/2026 09:00 AM ET,475 N RHODES AVE,"$171,319.10",$0.00,"$171,319.10",2024 CA 003891 NC,Property Appraiser,https://sarasota.realforeclose.com//index.cfm?zaction=auction&zmethod=details&AID=2024 CA 003891 NC&bypassPage=1,https://www.sc-pa.com/propertysearch/Property Appraiser
07/30/2026 09:00 AM ET,11730 TEMPEST HARBOR LOOP,"$15,903.99","$315,900.00","$16,324.97",2025 CC 010324 NC,0756032083,https://sarasota.realforeclose.com//index.cfm?zaction=auction&zmethod=details&AID=2025 CC 010324 NC&bypassPage=1,https://www.sc-pa.com/propertysearch/0756032083
07/30/2026 09:00 AM ET,500 N JEFFERSON AVE 1 BLD F,"$15,465.96","$138,200.00","$15,889.77",2026 CC 002384 NC,2028103031,https://sarasota.realforeclose.com//index.cfm?zaction=auction&zmethod=details&AID=2026 CC 002384 NC&bypassPage=1,https://www.sc-pa.com/propertysearch/2028103031
07/31/2026 09:00 AM ET,,"$682,569.63",$0.00,"$682,569.63",2025 CA 005403 NC,MULTIPLE PARCEL,https://sarasota.realforeclose.com//index.cfm?zaction=auction&zmethod=details&AID=2025 CA 005403 NC&bypassPage=1,https://www.sc-pa.com/propertysearch/MULTIPLE PARCEL
08/04/2026 09:00 AM ET,8750 MIDNIGHT PASS RD 501 BLD,"$87,035.29","$518,423.00","$89,508.59",2025 CA 006368 NC,0129072075,https://sarasota.realforeclose.com//index.cfm?zaction=auction&zmethod=details&AID=2025 CA 006368 NC&bypassPage=1,https://www.sc-pa.com/propertysearch/0129072075
08/04/2026 09:00 AM ET,7133 WOOD CREEK DR 101,"$43,955.29","$88,106.00","$45,139.32",2025 CC 004076 NC,0111044001,https://sarasota.realforeclose.com//index.cfm?zaction=auction&zmethod=details&AID=2025 CC 004076 NC&bypassPage=1,https://www.sc-pa.com/propertysearch/0111044001
08/04/2026 09:00 AM ET,7440 MANASOTA KEY RD,$0.00,"$2,209,200.00",$0.00,2026 CA 000214 SC,0491060010,https://sarasota.realforeclose.com//index.cfm?zaction=auction&zmethod=details&AID=2026 CA 000214 SC&bypassPage=1,https://www.sc-pa.com/propertysearch/0491060010
08/11/2026 09:00 AM ET,,$0.00,$0.00,$0.00,2025 CA 005593 NC,Property Appraiser,https://sarasota.realforeclose.com//index.cfm?zaction=auction&zmethod=details&AID=2025 CA 005593 NC&bypassPage=1,https://www.sc-pa.com/propertysearch/Property Appraiser
08/13/2026 09:00 AM ET,1215 CYPRESS AVE,"$375,287.21","$257,600.00","$375,287.21",2025 CA 003877 NC,0410070004,https://sarasota.realforeclose.com//index.cfm?zaction=auction&zmethod=details&AID=2025 CA 003877 NC&bypassPage=1,https://www.sc-pa.com/propertysearch/0410070004
08/13/2026 09:00 AM ET,1494 16TH ST,"$78,286.26","$76,308.00","$78,286.26",2025 CA 005228 NC,2025030031,https://sarasota.realforeclose.com//index.cfm?zaction=auction&zmethod=details&AID=2025 CA 005228 NC&bypassPage=1,https://www.sc-pa.com/propertysearch/2025030031
08/13/2026 09:00 AM ET,,$0.00,$0.00,$0.00,2025 CC 004953 NC,Property Appraiser,https://sarasota.realforeclose.com//index.cfm?zaction=auction&zmethod=details&AID=2025 CC 004953 NC&bypassPage=1,https://www.sc-pa.com/propertysearch/Property Appraiser
08/20/2026 09:00 AM ET,,$0.00,$0.00,$0.00,2024 CA 001899 NC,Property Appraiser,https://sarasota.realforeclose.com//index.cfm?zaction=auction&zmethod=details&AID=2024 CA 001899 NC&bypassPage=1,https://www.sc-pa.com/propertysearch/Property Appraiser
08/20/2026 09:00 AM ET,,$0.00,$0.00,$0.00,2025 CA 002435 NC,Property Appraiser,https://sarasota.realforeclose.com//index.cfm?zaction=auction&zmethod=details&AID=2025 CA 002435 NC&bypassPage=1,https://www.sc-pa.com/propertysearch/Property Appraiser
08/21/2026 09:00 AM ET,,$0.00,$0.00,$0.00,2025 CA 004509 NC,Property Appraiser,https://sarasota.realforeclose.com//index.cfm?zaction=auction&zmethod=details&AID=2025 CA 004509 NC&bypassPage=1,https://www.sc-pa.com/propertysearch/Property Appraiser
08/24/2026 09:00 AM ET,,$0.00,$0.00,$0.00,2026 CA 000425 NC,Property Appraiser,https://sarasota.realforeclose.com//index.cfm?zaction=auction&zmethod=details&AID=2026 CA 000425 NC&bypassPage=1,https://www.sc-pa.com/propertysearch/Property Appraiser
09/04/2026 09:00 AM ET,,$0.00,$0.00,$0.00,2025 CA 001490 NC,Property Appraiser,https://sarasota.realforeclose.com//index.cfm?zaction=auction&zmethod=details&AID=2025 CA 001490 NC&bypassPage=1,https://www.sc-pa.com/propertysearch/Property Appraiser
09/10/2026 09:00 AM ET,,$0.00,$0.00,$0.00,2025 CA 000978 NC,Property Appraiser,https://sarasota.realforeclose.com//index.cfm?zaction=auction&zmethod=details&AID=2025 CA 000978 NC&bypassPage=1,https://www.sc-pa.com/propertysearch/Property Appraiser
09/10/2026 09:00 AM ET,,$0.00,$0.00,$0.00,2025 CA 001012 NC,Property Appraiser,https://sarasota.realforeclose.com//index.cfm?zaction=auction&zmethod=details&AID=2025 CA 001012 NC&bypassPage=1,https://www.sc-pa.com/propertysearch/Property Appraiser
09/24/2026 09:00 AM ET,,$0.00,$0.00,$0.00,2025 CA 004792 NC,Property Appraiser,https://sarasota.realforeclose.com//index.cfm?zaction=auction&zmethod=details&AID=2025 CA 004792 NC&bypassPage=1,https://www.sc-pa.com/propertysearch/Property Appraiser
09/24/2026 09:00 AM ET,,$0.00,$0.00,$0.00,2025 CA 005740 NC,Property Appraiser,https://sarasota.realforeclose.com//index.cfm?zaction=auction&zmethod=details&AID=2025 CA 005740 NC&bypassPage=1,https://www.sc-pa.com/propertysearch/Property Appraiser
